[{"model": "admin.logentry", "pk": 1, "fields": {"action_time": "2024-03-11T08:44:47.318Z", "user": 1, "content_type": 8, "object_id": "1", "object_repr": "hesam@email.com", "action_flag": 2, "change_message": "[{\"changed\": {\"fields\": [\"Image\", \"Superuser status\"]}}]"}}, {"model": "admin.logentry", "pk": 2, "fields": {"action_time": "2024-03-12T10:59:34.973Z", "user": 1, "content_type": 19, "object_id": "1", "object_repr": "road", "action_flag": 1, "change_message": "[{\"added\": {}}]"}}, {"model": "admin.logentry", "pk": 3, "fields": {"action_time": "2024-03-12T11:00:32.141Z", "user": 1, "content_type": 19, "object_id": "2", "object_repr": "road_mountain", "action_flag": 1, "change_message": "[{\"added\": {}}]"}}, {"model": "admin.logentry", "pk": 4, "fields": {"action_time": "2024-03-12T11:00:45.262Z", "user": 1, "content_type": 19, "object_id": "2", "object_repr": "road_mountain", "action_flag": 2, "change_message": "[{\"changed\": {\"fields\": [\"Is sub\"]}}]"}}, {"model": "admin.logentry", "pk": 5, "fields": {"action_time": "2024-03-12T11:33:36.187Z", "user": 1, "content_type": 21, "object_id": "1", "object_repr": "mountain red,trek", "action_flag": 1, "change_message": "[{\"added\": {}}]"}}, {"model": "admin.logentry", "pk": 6, "fields": {"action_time": "2024-03-12T14:41:15.000Z", "user": 1, "content_type": 22, "object_id": "2", "object_repr": "Comment object (2)", "action_flag": 1, "change_message": "[{\"added\": {}}]"}}, {"model": "admin.logentry", "pk": 7, "fields": {"action_time": "2024-03-14T05:18:43.097Z", "user": 1, "content_type": 21, "object_id": "2", "object_repr": "mountain green,trek", "action_flag": 1, "change_message": "[{\"added\": {}}]"}}, {"model": "admin.logentry", "pk": 8, "fields": {"action_time": "2024-03-14T05:19:52.652Z", "user": 1, "content_type": 21, "object_id": "3", "object_repr": "black mountain,trek", "action_flag": 1, "change_message": "[{\"added\": {}}]"}}, {"model": "admin.logentry", "pk": 9, "fields": {"action_time": "2024-03-14T05:20:37.699Z", "user": 1, "content_type": 8, "object_id": "3", "object_repr": "mkalhor210@gmail.com", "action_flag": 3, "change_message": ""}}, {"model": "auth.permission", "pk": 1, "fields": {"name": "Can add Token", "content_type": 1, "codename": "add_token"}}, {"model": "auth.permission", "pk": 2, "fields": {"name": "Can change Token", "content_type": 1, "codename": "change_token"}}, {"model": "auth.permission", "pk": 3, "fields": {"name": "Can delete Token", "content_type": 1, "codename": "delete_token"}}, {"model": "auth.permission", "pk": 4, "fields": {"name": "Can view Token", "content_type": 1, "codename": "view_token"}}, {"model": "auth.permission", "pk": 5, "fields": {"name": "Can add token", "content_type": 2, "codename": "add_tokenproxy"}}, {"model": "auth.permission", "pk": 6, "fields": {"name": "Can change token", "content_type": 2, "codename": "change_tokenproxy"}}, {"model": "auth.permission", "pk": 7, "fields": {"name": "Can delete token", "content_type": 2, "codename": "delete_tokenproxy"}}, {"model": "auth.permission", "pk": 8, "fields": {"name": "Can view token", "content_type": 2, "codename": "view_tokenproxy"}}, {"model": "auth.permission", "pk": 9, "fields": {"name": "Can add log entry", "content_type": 3, "codename": "add_logentry"}}, {"model": "auth.permission", "pk": 10, "fields": {"name": "Can change log entry", "content_type": 3, "codename": "change_logentry"}}, {"model": "auth.permission", "pk": 11, "fields": {"name": "Can delete log entry", "content_type": 3, "codename": "delete_logentry"}}, {"model": "auth.permission", "pk": 12, "fields": {"name": "Can view log entry", "content_type": 3, "codename": "view_logentry"}}, {"model": "auth.permission", "pk": 13, "fields": {"name": "Can add permission", "content_type": 4, "codename": "add_permission"}}, {"model": "auth.permission", "pk": 14, "fields": {"name": "Can change permission", "content_type": 4, "codename": "change_permission"}}, {"model": "auth.permission", "pk": 15, "fields": {"name": "Can delete permission", "content_type": 4, "codename": "delete_permission"}}, {"model": "auth.permission", "pk": 16, "fields": {"name": "Can view permission", "content_type": 4, "codename": "view_permission"}}, {"model": "auth.permission", "pk": 17, "fields": {"name": "Can add group", "content_type": 5, "codename": "add_group"}}, {"model": "auth.permission", "pk": 18, "fields": {"name": "Can change group", "content_type": 5, "codename": "change_group"}}, {"model": "auth.permission", "pk": 19, "fields": {"name": "Can delete group", "content_type": 5, "codename": "delete_group"}}, {"model": "auth.permission", "pk": 20, "fields": {"name": "Can view group", "content_type": 5, "codename": "view_group"}}, {"model": "auth.permission", "pk": 21, "fields": {"name": "Can add content type", "content_type": 6, "codename": "add_contenttype"}}, {"model": "auth.permission", "pk": 22, "fields": {"name": "Can change content type", "content_type": 6, "codename": "change_contenttype"}}, {"model": "auth.permission", "pk": 23, "fields": {"name": "Can delete content type", "content_type": 6, "codename": "delete_contenttype"}}, {"model": "auth.permission", "pk": 24, "fields": {"name": "Can view content type", "content_type": 6, "codename": "view_contenttype"}}, {"model": "auth.permission", "pk": 25, "fields": {"name": "Can add session", "content_type": 7, "codename": "add_session"}}, {"model": "auth.permission", "pk": 26, "fields": {"name": "Can change session", "content_type": 7, "codename": "change_session"}}, {"model": "auth.permission", "pk": 27, "fields": {"name": "Can delete session", "content_type": 7, "codename": "delete_session"}}, {"model": "auth.permission", "pk": 28, "fields": {"name": "Can view session", "content_type": 7, "codename": "view_session"}}, {"model": "auth.permission", "pk": 29, "fields": {"name": "Can add user", "content_type": 8, "codename": "add_user"}}, {"model": "auth.permission", "pk": 30, "fields": {"name": "Can change user", "content_type": 8, "codename": "change_user"}}, {"model": "auth.permission", "pk": 31, "fields": {"name": "Can delete user", "content_type": 8, "codename": "delete_user"}}, {"model": "auth.permission", "pk": 32, "fields": {"name": "Can view user", "content_type": 8, "codename": "view_user"}}, {"model": "auth.permission", "pk": 33, "fields": {"name": "Can add address", "content_type": 9, "codename": "add_address"}}, {"model": "auth.permission", "pk": 34, "fields": {"name": "Can change address", "content_type": 9, "codename": "change_address"}}, {"model": "auth.permission", "pk": 35, "fields": {"name": "Can delete address", "content_type": 9, "codename": "delete_address"}}, {"model": "auth.permission", "pk": 36, "fields": {"name": "Can view address", "content_type": 9, "codename": "view_address"}}, {"model": "auth.permission", "pk": 37, "fields": {"name": "Can add otpcode", "content_type": 10, "codename": "add_otpcode"}}, {"model": "auth.permission", "pk": 38, "fields": {"name": "Can change otpcode", "content_type": 10, "codename": "change_otpcode"}}, {"model": "auth.permission", "pk": 39, "fields": {"name": "Can delete otpcode", "content_type": 10, "codename": "delete_otpcode"}}, {"model": "auth.permission", "pk": 40, "fields": {"name": "Can view otpcode", "content_type": 10, "codename": "view_otpcode"}}, {"model": "auth.permission", "pk": 41, "fields": {"name": "Can add cart", "content_type": 11, "codename": "add_cart"}}, {"model": "auth.permission", "pk": 42, "fields": {"name": "Can change cart", "content_type": 11, "codename": "change_cart"}}, {"model": "auth.permission", "pk": 43, "fields": {"name": "Can delete cart", "content_type": 11, "codename": "delete_cart"}}, {"model": "auth.permission", "pk": 44, "fields": {"name": "Can view cart", "content_type": 11, "codename": "view_cart"}}, {"model": "auth.permission", "pk": 45, "fields": {"name": "Can add cart item", "content_type": 12, "codename": "add_cartitem"}}, {"model": "auth.permission", "pk": 46, "fields": {"name": "Can change cart item", "content_type": 12, "codename": "change_cartitem"}}, {"model": "auth.permission", "pk": 47, "fields": {"name": "Can delete cart item", "content_type": 12, "codename": "delete_cartitem"}}, {"model": "auth.permission", "pk": 48, "fields": {"name": "Can view cart item", "content_type": 12, "codename": "view_cartitem"}}, {"model": "auth.permission", "pk": 49, "fields": {"name": "Can add coupon", "content_type": 13, "codename": "add_coupon"}}, {"model": "auth.permission", "pk": 50, "fields": {"name": "Can change coupon", "content_type": 13, "codename": "change_coupon"}}, {"model": "auth.permission", "pk": 51, "fields": {"name": "Can delete coupon", "content_type": 13, "codename": "delete_coupon"}}, {"model": "auth.permission", "pk": 52, "fields": {"name": "Can view coupon", "content_type": 13, "codename": "view_coupon"}}, {"model": "auth.permission", "pk": 53, "fields": {"name": "Can add order", "content_type": 14, "codename": "add_order"}}, {"model": "auth.permission", "pk": 54, "fields": {"name": "Can change order", "content_type": 14, "codename": "change_order"}}, {"model": "auth.permission", "pk": 55, "fields": {"name": "Can delete order", "content_type": 14, "codename": "delete_order"}}, {"model": "auth.permission", "pk": 56, "fields": {"name": "Can view order", "content_type": 14, "codename": "view_order"}}, {"model": "auth.permission", "pk": 57, "fields": {"name": "Can add order item", "content_type": 15, "codename": "add_orderitem"}}, {"model": "auth.permission", "pk": 58, "fields": {"name": "Can change order item", "content_type": 15, "codename": "change_orderitem"}}, {"model": "auth.permission", "pk": 59, "fields": {"name": "Can delete order item", "content_type": 15, "codename": "delete_orderitem"}}, {"model": "auth.permission", "pk": 60, "fields": {"name": "Can view order item", "content_type": 15, "codename": "view_orderitem"}}, {"model": "auth.permission", "pk": 61, "fields": {"name": "Can add transaction", "content_type": 16, "codename": "add_transaction"}}, {"model": "auth.permission", "pk": 62, "fields": {"name": "Can change transaction", "content_type": 16, "codename": "change_transaction"}}, {"model": "auth.permission", "pk": 63, "fields": {"name": "Can delete transaction", "content_type": 16, "codename": "delete_transaction"}}, {"model": "auth.permission", "pk": 64, "fields": {"name": "Can view transaction", "content_type": 16, "codename": "view_transaction"}}, {"model": "auth.permission", "pk": 65, "fields": {"name": "Can add product feature", "content_type": 17, "codename": "add_productfeature"}}, {"model": "auth.permission", "pk": 66, "fields": {"name": "Can change product feature", "content_type": 17, "codename": "change_productfeature"}}, {"model": "auth.permission", "pk": 67, "fields": {"name": "Can delete product feature", "content_type": 17, "codename": "delete_productfeature"}}, {"model": "auth.permission", "pk": 68, "fields": {"name": "Can view product feature", "content_type": 17, "codename": "view_productfeature"}}, {"model": "auth.permission", "pk": 69, "fields": {"name": "Can add discount", "content_type": 18, "codename": "add_discount"}}, {"model": "auth.permission", "pk": 70, "fields": {"name": "Can change discount", "content_type": 18, "codename": "change_discount"}}, {"model": "auth.permission", "pk": 71, "fields": {"name": "Can delete discount", "content_type": 18, "codename": "delete_discount"}}, {"model": "auth.permission", "pk": 72, "fields": {"name": "Can view discount", "content_type": 18, "codename": "view_discount"}}, {"model": "auth.permission", "pk": 73, "fields": {"name": "Can add category", "content_type": 19, "codename": "add_category"}}, {"model": "auth.permission", "pk": 74, "fields": {"name": "Can change category", "content_type": 19, "codename": "change_category"}}, {"model": "auth.permission", "pk": 75, "fields": {"name": "Can delete category", "content_type": 19, "codename": "delete_category"}}, {"model": "auth.permission", "pk": 76, "fields": {"name": "Can view category", "content_type": 19, "codename": "view_category"}}, {"model": "auth.permission", "pk": 77, "fields": {"name": "Can add news", "content_type": 20, "codename": "add_news"}}, {"model": "auth.permission", "pk": 78, "fields": {"name": "Can change news", "content_type": 20, "codename": "change_news"}}, {"model": "auth.permission", "pk": 79, "fields": {"name": "Can delete news", "content_type": 20, "codename": "delete_news"}}, {"model": "auth.permission", "pk": 80, "fields": {"name": "Can view news", "content_type": 20, "codename": "view_news"}}, {"model": "auth.permission", "pk": 81, "fields": {"name": "Can add product", "content_type": 21, "codename": "add_product"}}, {"model": "auth.permission", "pk": 82, "fields": {"name": "Can change product", "content_type": 21, "codename": "change_product"}}, {"model": "auth.permission", "pk": 83, "fields": {"name": "Can delete product", "content_type": 21, "codename": "delete_product"}}, {"model": "auth.permission", "pk": 84, "fields": {"name": "Can view product", "content_type": 21, "codename": "view_product"}}, {"model": "auth.permission", "pk": 85, "fields": {"name": "Can add comment", "content_type": 22, "codename": "add_comment"}}, {"model": "auth.permission", "pk": 86, "fields": {"name": "Can change comment", "content_type": 22, "codename": "change_comment"}}, {"model": "auth.permission", "pk": 87, "fields": {"name": "Can delete comment", "content_type": 22, "codename": "delete_comment"}}, {"model": "auth.permission", "pk": 88, "fields": {"name": "Can view comment", "content_type": 22, "codename": "view_comment"}}, {"model": "auth.permission", "pk": 89, "fields": {"name": "Can add product feature value", "content_type": 23, "codename": "add_productfeaturevalue"}}, {"model": "auth.permission", "pk": 90, "fields": {"name": "Can change product feature value", "content_type": 23, "codename": "change_productfeaturevalue"}}, {"model": "auth.permission", "pk": 91, "fields": {"name": "Can delete product feature value", "content_type": 23, "codename": "delete_productfeaturevalue"}}, {"model": "auth.permission", "pk": 92, "fields": {"name": "Can view product feature value", "content_type": 23, "codename": "view_productfeaturevalue"}}, {"model": "contenttypes.contenttype", "pk": 1, "fields": {"app_label": "authtoken", "model": "token"}}, {"model": "contenttypes.contenttype", "pk": 2, "fields": {"app_label": "authtoken", "model": "tokenproxy"}}, {"model": "contenttypes.contenttype", "pk": 3, "fields": {"app_label": "admin", "model": "logentry"}}, {"model": "contenttypes.contenttype", "pk": 4, "fields": {"app_label": "auth", "model": "permission"}}, {"model": "contenttypes.contenttype", "pk": 5, "fields": {"app_label": "auth", "model": "group"}}, {"model": "contenttypes.contenttype", "pk": 6, "fields": {"app_label": "contenttypes", "model": "contenttype"}}, {"model": "contenttypes.contenttype", "pk": 7, "fields": {"app_label": "sessions", "model": "session"}}, {"model": "contenttypes.contenttype", "pk": 8, "fields": {"app_label": "accounts", "model": "user"}}, {"model": "contenttypes.contenttype", "pk": 9, "fields": {"app_label": "accounts", "model": "address"}}, {"model": "contenttypes.contenttype", "pk": 10, "fields": {"app_label": "accounts", "model": "otpcode"}}, {"model": "contenttypes.contenttype", "pk": 11, "fields": {"app_label": "order", "model": "cart"}}, {"model": "contenttypes.contenttype", "pk": 12, "fields": {"app_label": "order", "model": "cartitem"}}, {"model": "contenttypes.contenttype", "pk": 13, "fields": {"app_label": "order", "model": "coupon"}}, {"model": "contenttypes.contenttype", "pk": 14, "fields": {"app_label": "order", "model": "order"}}, {"model": "contenttypes.contenttype", "pk": 15, "fields": {"app_label": "order", "model": "orderitem"}}, {"model": "contenttypes.contenttype", "pk": 16, "fields": {"app_label": "order", "model": "transaction"}}, {"model": "contenttypes.contenttype", "pk": 17, "fields": {"app_label": "product", "model": "productfeature"}}, {"model": "contenttypes.contenttype", "pk": 18, "fields": {"app_label": "product", "model": "discount"}}, {"model": "contenttypes.contenttype", "pk": 19, "fields": {"app_label": "product", "model": "category"}}, {"model": "contenttypes.contenttype", "pk": 20, "fields": {"app_label": "product", "model": "news"}}, {"model": "contenttypes.contenttype", "pk": 21, "fields": {"app_label": "product", "model": "product"}}, {"model": "contenttypes.contenttype", "pk": 22, "fields": {"app_label": "product", "model": "comment"}}, {"model": "contenttypes.contenttype", "pk": 23, "fields": {"app_label": "product", "model": "productfeaturevalue"}}, {"model": "accounts.user", "pk": 1, "fields": {"password": "pbkdf2_sha256$720000$UocTk0Ex7eOb6sBdSkTkae$Vb/viziwx9guhqriZbPGwWk/3IDUcedfICqHBw4x4cg=", "last_login": "2024-03-16T11:47:04.967Z", "is_superuser": true, "first_name": "hesammm", "last_name": "shadmehri", "phone_number": "09019509858", "email": "hesam@email.com", "image": "users/1/download_JVIDq7V.webp", "role": "Customer", "created_at": "2024-03-11T08:23:22.730Z", "updated_at": "2024-03-17T08:03:24.403Z", "is_deleted": false, "deleted_at": "2024-03-17T08:03:24.403Z", "is_active": true, "is_admin": true, "groups": [], "user_permissions": []}}, {"model": "accounts.user", "pk": 2, "fields": {"password": "pbkdf2_sha256$720000$s1eMHdSOO3H2z99mD2gBaM$+VoIBaeugu5tO3p1CyscPKRlqLL/LTv15sHwcPXzzpg=", "last_login": null, "is_superuser": false, "first_name": "aliii", "last_name": "gholi", "phone_number": "09025509746", "email": "ali@email.com", "image": "", "role": "Customer", "created_at": "2024-03-12T10:36:05.097Z", "updated_at": "2024-03-12T12:55:56.532Z", "is_deleted": false, "deleted_at": "2024-03-12T12:55:56.532Z", "is_active": true, "is_admin": false, "groups": [], "user_permissions": []}}, {"model": "accounts.user", "pk": 4, "fields": {"password": "pbkdf2_sha256$720000$hDnUrbLf2vld7sd3T7qMVy$Q9k4LjVHhbmBd4DXkICu649eKiKLJlLyeIxM6KGDvR8=", "last_login": null, "is_superuser": false, "first_name": "mohammad", "last_name": "mohamadi", "phone_number": "09025509797", "email": "hesamshadmehri869@gmail.com", "image": "", "role": "Customer", "created_at": "2024-03-14T11:41:50.440Z", "updated_at": "2024-03-14T11:41:50.440Z", "is_deleted": false, "deleted_at": "2024-03-14T11:41:50.440Z", "is_active": true, "is_admin": false, "groups": [], "user_permissions": []}}, {"model": "accounts.address", "pk": 1, "fields": {"created_at": "2024-03-12T12:43:10.045Z", "updated_at": "2024-03-16T18:20:09.831Z", "is_deleted": false, "deleted_at": "2024-03-16T18:20:09.831Z", "province": "tehrann", "city": "tehrannnnn", "detailed_address": "zand-str", "postal_code": 212, "user": 1}}, {"model": "accounts.address", "pk": 2, "fields": {"created_at": "2024-03-14T06:00:06.967Z", "updated_at": "2024-03-14T06:00:06.967Z", "is_deleted": false, "deleted_at": "2024-03-14T06:00:06.967Z", "province": "tehrann", "city": "tehran", "detailed_address": "zand-str", "postal_code": 212, "user": 1}}, {"model": "accounts.address", "pk": 3, "fields": {"created_at": "2024-03-14T11:44:34.093Z", "updated_at": "2024-03-14T11:44:34.093Z", "is_deleted": false, "deleted_at": "2024-03-14T11:44:34.093Z", "province": "tehrann", "city": "tehran", "detailed_address": "zand-str", "postal_code": 212, "user": 1}}, {"model": "accounts.address", "pk": 4, "fields": {"created_at": "2024-03-16T14:18:38.514Z", "updated_at": "2024-03-16T14:18:38.514Z", "is_deleted": false, "deleted_at": "2024-03-16T14:18:38.515Z", "province": "tehrann", "city": "tehran", "detailed_address": "zand-str", "postal_code": 212, "user": 1}}, {"model": "accounts.address", "pk": 5, "fields": {"created_at": "2024-03-16T14:19:35.860Z", "updated_at": "2024-03-16T14:19:35.860Z", "is_deleted": false, "deleted_at": "2024-03-16T14:19:35.860Z", "province": "tehrann", "city": "tehran", "detailed_address": "zand-str", "postal_code": 212, "user": 1}}, {"model": "accounts.address", "pk": 6, "fields": {"created_at": "2024-03-16T14:20:13.847Z", "updated_at": "2024-03-16T14:20:13.847Z", "is_deleted": false, "deleted_at": "2024-03-16T14:20:13.885Z", "province": "tehrann", "city": "tehran", "detailed_address": "zand-str", "postal_code": 212, "user": 1}}, {"model": "accounts.address", "pk": 7, "fields": {"created_at": "2024-03-16T14:22:29.957Z", "updated_at": "2024-03-16T14:22:29.959Z", "is_deleted": false, "deleted_at": "2024-03-16T14:22:29.960Z", "province": "tehrann", "city": "tehran", "detailed_address": "zand-str", "postal_code": 212, "user": 1}}, {"model": "accounts.address", "pk": 8, "fields": {"created_at": "2024-03-16T14:24:15.939Z", "updated_at": "2024-03-16T14:24:15.939Z", "is_deleted": false, "deleted_at": "2024-03-16T14:24:15.940Z", "province": "tehrann", "city": "tehran", "detailed_address": "zand-str", "postal_code": 212, "user": 1}}, {"model": "accounts.address", "pk": 9, "fields": {"created_at": "2024-03-16T14:58:37.655Z", "updated_at": "2024-03-16T14:58:37.655Z", "is_deleted": false, "deleted_at": "2024-03-16T14:58:37.656Z", "province": "tehrann", "city": "tehran", "detailed_address": "zand-str", "postal_code": 212, "user": 1}}, {"model": "accounts.address", "pk": 10, "fields": {"created_at": "2024-03-16T14:59:02.421Z", "updated_at": "2024-03-16T14:59:02.421Z", "is_deleted": false, "deleted_at": "2024-03-16T14:59:02.421Z", "province": "tehrann", "city": "tehran", "detailed_address": "zand-str", "postal_code": 212, "user": 1}}, {"model": "accounts.address", "pk": 11, "fields": {"created_at": "2024-03-16T15:00:07.070Z", "updated_at": "2024-03-16T15:00:07.070Z", "is_deleted": false, "deleted_at": "2024-03-16T15:00:07.070Z", "province": "tehrann", "city": "tehran", "detailed_address": "zand-str", "postal_code": 212, "user": 1}}, {"model": "accounts.address", "pk": 12, "fields": {"created_at": "2024-03-16T15:01:58.551Z", "updated_at": "2024-03-16T15:01:58.551Z", "is_deleted": false, "deleted_at": "2024-03-16T15:01:58.551Z", "province": "tehrann", "city": "tehran", "detailed_address": "zand-str", "postal_code": 212, "user": 1}}, {"model": "accounts.address", "pk": 13, "fields": {"created_at": "2024-03-16T15:41:29.673Z", "updated_at": "2024-03-16T15:41:29.673Z", "is_deleted": false, "deleted_at": "2024-03-16T15:41:29.673Z", "province": "tehrann", "city": "tehran", "detailed_address": "zand-str", "postal_code": 212, "user": 1}}, {"model": "accounts.address", "pk": 14, "fields": {"created_at": "2024-03-19T16:23:06.351Z", "updated_at": "2024-03-19T16:23:06.351Z", "is_deleted": false, "deleted_at": "2024-03-19T16:23:06.351Z", "province": "fars", "city": "shiraz", "detailed_address": "darvaze-ghoran", "postal_code": 22, "user": 1}}, {"model": "accounts.address", "pk": 15, "fields": {"created_at": "2024-03-19T16:24:30.151Z", "updated_at": "2024-03-19T16:24:30.151Z", "is_deleted": false, "deleted_at": "2024-03-19T16:24:30.151Z", "province": "fars", "city": "shiraz", "detailed_address": "darvaze-ghoran", "postal_code": 111, "user": 1}}, {"model": "accounts.address", "pk": 16, "fields": {"created_at": "2024-03-21T14:19:55.324Z", "updated_at": "2024-03-21T14:19:55.324Z", "is_deleted": false, "deleted_at": "2024-03-21T14:19:55.325Z", "province": "alborz", "city": "karaj", "detailed_address": "karaj", "postal_code": 333, "user": 1}}, {"model": "accounts.address", "pk": 17, "fields": {"created_at": "2024-03-21T14:58:06.475Z", "updated_at": "2024-03-21T14:58:06.475Z", "is_deleted": false, "deleted_at": "2024-03-21T14:58:06.475Z", "province": "tehrann", "city": "tehrannnnn", "detailed_address": "zand-str", "postal_code": 212, "user": 1}}, {"model": "order.order", "pk": 1, "fields": {"created_at": "2024-03-12T11:36:14.473Z", "updated_at": "2024-03-12T11:36:14.473Z", "is_deleted": false, "deleted_at": "2024-03-12T11:36:14.473Z", "total_price": "600.00", "is_paid": "False", "province": "tehrann", "city": "tehrannnnn", "detailed_address": "zand-str", "postal_code": 212, "user": 1, "coupon": null}}, {"model": "order.order", "pk": 2, "fields": {"created_at": "2024-03-12T12:42:50.505Z", "updated_at": "2024-03-12T12:42:50.505Z", "is_deleted": false, "deleted_at": "2024-03-12T12:42:50.505Z", "total_price": "800.00", "is_paid": "False", "province": "tehrann", "city": "tehrannnnn", "detailed_address": "zand-str", "postal_code": 212, "user": 1, "coupon": null}}, {"model": "order.order", "pk": 3, "fields": {"created_at": "2024-03-12T13:20:20.218Z", "updated_at": "2024-03-12T13:20:20.218Z", "is_deleted": false, "deleted_at": "2024-03-12T13:20:20.218Z", "total_price": "1200.00", "is_paid": "False", "province": "tehrann", "city": "tehrannnnn", "detailed_address": "zand-str", "postal_code": 212, "user": 1, "coupon": null}}, {"model": "order.order", "pk": 4, "fields": {"created_at": "2024-03-12T13:36:04.509Z", "updated_at": "2024-03-12T13:36:04.509Z", "is_deleted": false, "deleted_at": "2024-03-12T13:36:04.509Z", "total_price": "0.00", "is_paid": "False", "province": "tehrann", "city": "tehrannnnn", "detailed_address": "zand-str", "postal_code": 212, "user": 1, "coupon": null}}, {"model": "order.order", "pk": 5, "fields": {"created_at": "2024-03-12T13:38:57.043Z", "updated_at": "2024-03-12T13:38:57.043Z", "is_deleted": false, "deleted_at": "2024-03-12T13:38:57.044Z", "total_price": "0.00", "is_paid": "False", "province": "tehrann", "city": "tehrannnnn", "detailed_address": "zand-str", "postal_code": 212, "user": 1, "coupon": null}}, {"model": "order.order", "pk": 6, "fields": {"created_at": "2024-03-12T13:39:26.772Z", "updated_at": "2024-03-12T13:39:26.772Z", "is_deleted": false, "deleted_at": "2024-03-12T13:39:26.772Z", "total_price": "0.00", "is_paid": "False", "province": "tehrann", "city": "tehrannnnn", "detailed_address": "zand-str", "postal_code": 212, "user": 1, "coupon": null}}, {"model": "order.order", "pk": 7, "fields": {"created_at": "2024-03-13T07:02:19.801Z", "updated_at": "2024-03-13T07:02:19.801Z", "is_deleted": false, "deleted_at": "2024-03-13T07:02:19.801Z", "total_price": "600.00", "is_paid": "False", "province": "tehrann", "city": "tehrannnnn", "detailed_address": "zand-str", "postal_code": 212, "user": 1, "coupon": null}}, {"model": "order.order", "pk": 8, "fields": {"created_at": "2024-03-14T05:21:14.739Z", "updated_at": "2024-03-14T05:21:14.739Z", "is_deleted": false, "deleted_at": "2024-03-14T05:21:14.739Z", "total_price": "400.00", "is_paid": "False", "province": "tehrann", "city": "tehrannnnn", "detailed_address": "zand-str", "postal_code": 212, "user": 1, "coupon": null}}, {"model": "order.order", "pk": 9, "fields": {"created_at": "2024-03-14T05:26:09.003Z", "updated_at": "2024-03-14T05:26:09.003Z", "is_deleted": false, "deleted_at": "2024-03-14T05:26:09.003Z", "total_price": "0.00", "is_paid": "False", "province": "tehrann", "city": "tehrannnnn", "detailed_address": "zand-str", "postal_code": 212, "user": 1, "coupon": null}}, {"model": "order.order", "pk": 10, "fields": {"created_at": "2024-03-14T05:27:41.506Z", "updated_at": "2024-03-14T05:27:41.506Z", "is_deleted": false, "deleted_at": "2024-03-14T05:27:41.506Z", "total_price": "0.00", "is_paid": "False", "province": "tehrann", "city": "tehrannnnn", "detailed_address": "zand-str", "postal_code": 212, "user": 1, "coupon": null}}, {"model": "order.order", "pk": 11, "fields": {"created_at": "2024-03-14T05:28:14.739Z", "updated_at": "2024-03-14T05:28:14.739Z", "is_deleted": false, "deleted_at": "2024-03-14T05:28:14.739Z", "total_price": "0.00", "is_paid": "False", "province": "tehrann", "city": "tehrannnnn", "detailed_address": "zand-str", "postal_code": 212, "user": 1, "coupon": null}}, {"model": "order.order", "pk": 12, "fields": {"created_at": "2024-03-14T05:28:38.626Z", "updated_at": "2024-03-14T05:28:38.626Z", "is_deleted": false, "deleted_at": "2024-03-14T05:28:38.626Z", "total_price": "0.00", "is_paid": "False", "province": "tehrann", "city": "tehrannnnn", "detailed_address": "zand-str", "postal_code": 212, "user": 1, "coupon": null}}, {"model": "order.order", "pk": 13, "fields": {"created_at": "2024-03-14T05:28:57.906Z", "updated_at": "2024-03-14T05:28:57.906Z", "is_deleted": false, "deleted_at": "2024-03-14T05:28:57.906Z", "total_price": "400.00", "is_paid": "False", "province": "tehrann", "city": "tehrannnnn", "detailed_address": "zand-str", "postal_code": 212, "user": 1, "coupon": null}}, {"model": "order.order", "pk": 14, "fields": {"created_at": "2024-03-14T05:33:58.361Z", "updated_at": "2024-03-14T05:33:58.361Z", "is_deleted": false, "deleted_at": "2024-03-14T05:33:58.361Z", "total_price": "400.00", "is_paid": "False", "province": "tehrann", "city": "tehrannnnn", "detailed_address": "zand-str", "postal_code": 212, "user": 1, "coupon": null}}, {"model": "order.order", "pk": 15, "fields": {"created_at": "2024-03-14T05:36:27.204Z", "updated_at": "2024-03-14T05:36:27.204Z", "is_deleted": false, "deleted_at": "2024-03-14T05:36:27.204Z", "total_price": "500.00", "is_paid": "False", "province": "tehrann", "city": "tehrannnnn", "detailed_address": "zand-str", "postal_code": 212, "user": 1, "coupon": null}}, {"model": "order.order", "pk": 16, "fields": {"created_at": "2024-03-14T05:39:25.817Z", "updated_at": "2024-03-14T05:39:25.817Z", "is_deleted": false, "deleted_at": "2024-03-14T05:39:25.817Z", "total_price": "0.00", "is_paid": "False", "province": "tehrann", "city": "tehrannnnn", "detailed_address": "zand-str", "postal_code": 212, "user": 1, "coupon": null}}, {"model": "order.order", "pk": 17, "fields": {"created_at": "2024-03-14T05:39:30.118Z", "updated_at": "2024-03-14T05:39:30.118Z", "is_deleted": false, "deleted_at": "2024-03-14T05:39:30.118Z", "total_price": "0.00", "is_paid": "False", "province": "tehrann", "city": "tehrannnnn", "detailed_address": "zand-str", "postal_code": 212, "user": 1, "coupon": null}}, {"model": "order.order", "pk": 18, "fields": {"created_at": "2024-03-14T05:40:53.449Z", "updated_at": "2024-03-14T05:40:53.449Z", "is_deleted": false, "deleted_at": "2024-03-14T05:40:53.449Z", "total_price": "0.00", "is_paid": "False", "province": "tehrann", "city": "tehrannnnn", "detailed_address": "zand-str", "postal_code": 212, "user": 1, "coupon": null}}, {"model": "order.order", "pk": 19, "fields": {"created_at": "2024-03-14T05:42:11.269Z", "updated_at": "2024-03-14T05:42:11.269Z", "is_deleted": false, "deleted_at": "2024-03-14T05:42:11.269Z", "total_price": "0.00", "is_paid": "False", "province": "tehrann", "city": "tehrannnnn", "detailed_address": "zand-str", "postal_code": 212, "user": 1, "coupon": null}}, {"model": "order.order", "pk": 20, "fields": {"created_at": "2024-03-14T05:52:36.133Z", "updated_at": "2024-03-14T05:52:36.133Z", "is_deleted": false, "deleted_at": "2024-03-14T05:52:36.133Z", "total_price": "2400.00", "is_paid": "False", "province": "tehrann", "city": "tehrannnnn", "detailed_address": "zand-str", "postal_code": 212, "user": 1, "coupon": null}}, {"model": "order.order", "pk": 21, "fields": {"created_at": "2024-03-14T05:57:30.627Z", "updated_at": "2024-03-14T05:57:30.627Z", "is_deleted": false, "deleted_at": "2024-03-14T05:57:30.627Z", "total_price": "0.00", "is_paid": "False", "province": "tehrann", "city": "tehrannnnn", "detailed_address": "zand-str", "postal_code": 212, "user": 1, "coupon": null}}, {"model": "order.order", "pk": 22, "fields": {"created_at": "2024-03-14T05:57:57.339Z", "updated_at": "2024-03-14T05:57:57.339Z", "is_deleted": false, "deleted_at": "2024-03-14T05:57:57.340Z", "total_price": "400.00", "is_paid": "False", "province": "tehrann", "city": "tehrannnnn", "detailed_address": "zand-str", "postal_code": 212, "user": 1, "coupon": null}}, {"model": "order.order", "pk": 23, "fields": {"created_at": "2024-03-14T05:58:38.333Z", "updated_at": "2024-03-14T05:58:38.333Z", "is_deleted": false, "deleted_at": "2024-03-14T05:58:38.333Z", "total_price": "400.00", "is_paid": "False", "province": "tehrann", "city": "tehrannnnn", "detailed_address": "zand-str", "postal_code": 212, "user": 1, "coupon": null}}, {"model": "order.order", "pk": 24, "fields": {"created_at": "2024-03-14T11:45:50.718Z", "updated_at": "2024-03-14T11:45:50.718Z", "is_deleted": false, "deleted_at": "2024-03-14T11:45:50.718Z", "total_price": "800.00", "is_paid": "False", "province": "tehrann", "city": "tehrannnnn", "detailed_address": "zand-str", "postal_code": 212, "user": 1, "coupon": null}}, {"model": "order.order", "pk": 25, "fields": {"created_at": "2024-03-16T11:06:30.807Z", "updated_at": "2024-03-16T11:06:30.807Z", "is_deleted": false, "deleted_at": "2024-03-16T11:06:30.807Z", "total_price": "1200.00", "is_paid": "False", "province": "tehrann", "city": "tehrannnnn", "detailed_address": "zand-str", "postal_code": 212, "user": 1, "coupon": null}}, {"model": "order.order", "pk": 26, "fields": {"created_at": "2024-03-16T11:06:33.009Z", "updated_at": "2024-03-16T11:06:33.009Z", "is_deleted": false, "deleted_at": "2024-03-16T11:06:33.009Z", "total_price": "0.00", "is_paid": "False", "province": "tehrann", "city": "tehrannnnn", "detailed_address": "zand-str", "postal_code": 212, "user": 1, "coupon": null}}, {"model": "order.order", "pk": 27, "fields": {"created_at": "2024-03-16T11:06:39.208Z", "updated_at": "2024-03-16T11:06:39.208Z", "is_deleted": false, "deleted_at": "2024-03-16T11:06:39.208Z", "total_price": "0.00", "is_paid": "False", "province": "tehrann", "city": "tehrannnnn", "detailed_address": "zand-str", "postal_code": 212, "user": 1, "coupon": null}}, {"model": "order.order", "pk": 28, "fields": {"created_at": "2024-03-16T11:07:45.322Z", "updated_at": "2024-03-16T11:07:45.322Z", "is_deleted": false, "deleted_at": "2024-03-16T11:07:45.322Z", "total_price": "800.00", "is_paid": "False", "province": "tehrann", "city": "tehrannnnn", "detailed_address": "zand-str", "postal_code": 212, "user": 1, "coupon": null}}, {"model": "order.order", "pk": 29, "fields": {"created_at": "2024-03-16T11:08:22.291Z", "updated_at": "2024-03-16T11:08:22.291Z", "is_deleted": false, "deleted_at": "2024-03-16T11:08:22.291Z", "total_price": "200.00", "is_paid": "False", "province": "tehrann", "city": "tehrannnnn", "detailed_address": "zand-str", "postal_code": 212, "user": 1, "coupon": null}}, {"model": "order.order", "pk": 30, "fields": {"created_at": "2024-03-16T11:10:30.255Z", "updated_at": "2024-03-16T11:10:30.255Z", "is_deleted": false, "deleted_at": "2024-03-16T11:10:30.255Z", "total_price": "400.00", "is_paid": "False", "province": "tehrann", "city": "tehrannnnn", "detailed_address": "zand-str", "postal_code": 212, "user": 1, "coupon": null}}, {"model": "order.order", "pk": 31, "fields": {"created_at": "2024-03-16T11:38:07.862Z", "updated_at": "2024-03-16T11:38:07.862Z", "is_deleted": false, "deleted_at": "2024-03-16T11:38:07.862Z", "total_price": "200.00", "is_paid": "False", "province": "tehrann", "city": "tehrannnnn", "detailed_address": "zand-str", "postal_code": 212, "user": 1, "coupon": null}}, {"model": "order.order", "pk": 32, "fields": {"created_at": "2024-03-16T11:38:10.519Z", "updated_at": "2024-03-16T11:38:10.519Z", "is_deleted": false, "deleted_at": "2024-03-16T11:38:10.519Z", "total_price": "0.00", "is_paid": "False", "province": "tehrann", "city": "tehrannnnn", "detailed_address": "zand-str", "postal_code": 212, "user": 1, "coupon": null}}, {"model": "order.order", "pk": 33, "fields": {"created_at": "2024-03-16T11:39:16.313Z", "updated_at": "2024-03-16T11:39:16.313Z", "is_deleted": false, "deleted_at": "2024-03-16T11:39:16.313Z", "total_price": "400.00", "is_paid": "False", "province": "tehrann", "city": "tehrannnnn", "detailed_address": "zand-str", "postal_code": 212, "user": 1, "coupon": null}}, {"model": "order.order", "pk": 34, "fields": {"created_at": "2024-03-16T11:47:28.418Z", "updated_at": "2024-03-16T11:47:28.418Z", "is_deleted": false, "deleted_at": "2024-03-16T11:47:28.418Z", "total_price": "2600.00", "is_paid": "False", "province": "tehrann", "city": "tehrannnnn", "detailed_address": "zand-str", "postal_code": 212, "user": 1, "coupon": null}}, {"model": "order.order", "pk": 35, "fields": {"created_at": "2024-03-16T11:47:29.939Z", "updated_at": "2024-03-16T11:47:29.939Z", "is_deleted": false, "deleted_at": "2024-03-16T11:47:29.939Z", "total_price": "0.00", "is_paid": "False", "province": "tehrann", "city": "tehrannnnn", "detailed_address": "zand-str", "postal_code": 212, "user": 1, "coupon": null}}, {"model": "order.order", "pk": 36, "fields": {"created_at": "2024-03-16T11:49:02.190Z", "updated_at": "2024-03-16T11:49:02.190Z", "is_deleted": false, "deleted_at": "2024-03-16T11:49:02.190Z", "total_price": "200.00", "is_paid": "False", "province": "tehrann", "city": "tehrannnnn", "detailed_address": "zand-str", "postal_code": 212, "user": 1, "coupon": null}}, {"model": "order.order", "pk": 37, "fields": {"created_at": "2024-03-16T11:49:26.903Z", "updated_at": "2024-03-16T11:49:26.903Z", "is_deleted": false, "deleted_at": "2024-03-16T11:49:26.903Z", "total_price": "0.00", "is_paid": "False", "province": "tehrann", "city": "tehrannnnn", "detailed_address": "zand-str", "postal_code": 212, "user": 1, "coupon": null}}, {"model": "order.order", "pk": 38, "fields": {"created_at": "2024-03-16T11:49:28.346Z", "updated_at": "2024-03-16T11:49:28.346Z", "is_deleted": false, "deleted_at": "2024-03-16T11:49:28.346Z", "total_price": "0.00", "is_paid": "False", "province": "tehrann", "city": "tehrannnnn", "detailed_address": "zand-str", "postal_code": 212, "user": 1, "coupon": null}}, {"model": "order.order", "pk": 39, "fields": {"created_at": "2024-03-16T11:51:09.173Z", "updated_at": "2024-03-16T11:51:09.173Z", "is_deleted": false, "deleted_at": "2024-03-16T11:51:09.173Z", "total_price": "200.00", "is_paid": "False", "province": "tehrann", "city": "tehrannnnn", "detailed_address": "zand-str", "postal_code": 212, "user": 1, "coupon": null}}, {"model": "order.order", "pk": 40, "fields": {"created_at": "2024-03-16T11:51:40.492Z", "updated_at": "2024-03-16T11:51:40.492Z", "is_deleted": false, "deleted_at": "2024-03-16T11:51:40.492Z", "total_price": "0.00", "is_paid": "False", "province": "tehrann", "city": "tehrannnnn", "detailed_address": "zand-str", "postal_code": 212, "user": 1, "coupon": null}}, {"model": "order.order", "pk": 41, "fields": {"created_at": "2024-03-16T11:54:06.291Z", "updated_at": "2024-03-16T11:54:06.291Z", "is_deleted": false, "deleted_at": "2024-03-16T11:54:06.291Z", "total_price": "0.00", "is_paid": "False", "province": "tehrann", "city": "tehrannnnn", "detailed_address": "zand-str", "postal_code": 212, "user": 1, "coupon": null}}, {"model": "order.order", "pk": 42, "fields": {"created_at": "2024-03-16T11:55:48.114Z", "updated_at": "2024-03-16T11:55:48.114Z", "is_deleted": false, "deleted_at": "2024-03-16T11:55:48.114Z", "total_price": "200.00", "is_paid": "False", "province": "tehrann", "city": "tehrannnnn", "detailed_address": "zand-str", "postal_code": 212, "user": 1, "coupon": null}}, {"model": "order.order", "pk": 43, "fields": {"created_at": "2024-03-16T11:55:49.718Z", "updated_at": "2024-03-16T11:55:49.718Z", "is_deleted": false, "deleted_at": "2024-03-16T11:55:49.718Z", "total_price": "0.00", "is_paid": "False", "province": "tehrann", "city": "tehrannnnn", "detailed_address": "zand-str", "postal_code": 212, "user": 1, "coupon": null}}, {"model": "order.order", "pk": 44, "fields": {"created_at": "2024-03-16T11:56:05.704Z", "updated_at": "2024-03-16T11:56:05.704Z", "is_deleted": false, "deleted_at": "2024-03-16T11:56:05.704Z", "total_price": "200.00", "is_paid": "False", "province": "tehrann", "city": "tehrannnnn", "detailed_address": "zand-str", "postal_code": 212, "user": 1, "coupon": null}}, {"model": "order.order", "pk": 45, "fields": {"created_at": "2024-03-16T11:57:21.110Z", "updated_at": "2024-03-16T11:57:21.110Z", "is_deleted": false, "deleted_at": "2024-03-16T11:57:21.110Z", "total_price": "200.00", "is_paid": "False", "province": "tehrann", "city": "tehrannnnn", "detailed_address": "zand-str", "postal_code": 212, "user": 1, "coupon": null}}, {"model": "order.order", "pk": 46, "fields": {"created_at": "2024-03-16T11:57:22.820Z", "updated_at": "2024-03-16T11:57:22.821Z", "is_deleted": false, "deleted_at": "2024-03-16T11:57:22.821Z", "total_price": "0.00", "is_paid": "False", "province": "tehrann", "city": "tehrannnnn", "detailed_address": "zand-str", "postal_code": 212, "user": 1, "coupon": null}}, {"model": "order.order", "pk": 47, "fields": {"created_at": "2024-03-16T11:57:55.474Z", "updated_at": "2024-03-16T11:57:55.474Z", "is_deleted": false, "deleted_at": "2024-03-16T11:57:55.474Z", "total_price": "200.00", "is_paid": "False", "province": "tehrann", "city": "tehrannnnn", "detailed_address": "zand-str", "postal_code": 212, "user": 1, "coupon": null}}, {"model": "order.order", "pk": 48, "fields": {"created_at": "2024-03-16T11:57:57.052Z", "updated_at": "2024-03-16T11:57:57.052Z", "is_deleted": false, "deleted_at": "2024-03-16T11:57:57.052Z", "total_price": "200.00", "is_paid": "False", "province": "tehrann", "city": "tehrannnnn", "detailed_address": "zand-str", "postal_code": 212, "user": 1, "coupon": null}}, {"model": "order.order", "pk": 49, "fields": {"created_at": "2024-03-16T11:58:27.002Z", "updated_at": "2024-03-16T11:58:27.002Z", "is_deleted": false, "deleted_at": "2024-03-16T11:58:27.002Z", "total_price": "200.00", "is_paid": "False", "province": "tehrann", "city": "tehrannnnn", "detailed_address": "zand-str", "postal_code": 212, "user": 1, "coupon": null}}, {"model": "order.order", "pk": 50, "fields": {"created_at": "2024-03-16T11:58:48.980Z", "updated_at": "2024-03-16T11:58:48.980Z", "is_deleted": false, "deleted_at": "2024-03-16T11:58:48.980Z", "total_price": "200.00", "is_paid": "False", "province": "tehrann", "city": "tehrannnnn", "detailed_address": "zand-str", "postal_code": 212, "user": 1, "coupon": null}}, {"model": "order.order", "pk": 51, "fields": {"created_at": "2024-03-16T11:59:15.739Z", "updated_at": "2024-03-16T11:59:15.739Z", "is_deleted": false, "deleted_at": "2024-03-16T11:59:15.739Z", "total_price": "200.00", "is_paid": "False", "province": "tehrann", "city": "tehrannnnn", "detailed_address": "zand-str", "postal_code": 212, "user": 1, "coupon": null}}, {"model": "order.order", "pk": 52, "fields": {"created_at": "2024-03-16T11:59:32.493Z", "updated_at": "2024-03-16T11:59:32.493Z", "is_deleted": false, "deleted_at": "2024-03-16T11:59:32.493Z", "total_price": "200.00", "is_paid": "False", "province": "tehrann", "city": "tehrannnnn", "detailed_address": "zand-str", "postal_code": 212, "user": 1, "coupon": null}}, {"model": "order.order", "pk": 53, "fields": {"created_at": "2024-03-16T11:59:44.188Z", "updated_at": "2024-03-16T11:59:44.188Z", "is_deleted": false, "deleted_at": "2024-03-16T11:59:44.188Z", "total_price": "200.00", "is_paid": "False", "province": "tehrann", "city": "tehrannnnn", "detailed_address": "zand-str", "postal_code": 212, "user": 1, "coupon": null}}, {"model": "order.order", "pk": 54, "fields": {"created_at": "2024-03-16T12:03:16.272Z", "updated_at": "2024-03-16T12:03:16.272Z", "is_deleted": false, "deleted_at": "2024-03-16T12:03:16.272Z", "total_price": "200.00", "is_paid": "False", "province": "tehrann", "city": "tehrannnnn", "detailed_address": "zand-str", "postal_code": 212, "user": 1, "coupon": null}}, {"model": "order.order", "pk": 55, "fields": {"created_at": "2024-03-16T12:04:03.701Z", "updated_at": "2024-03-16T12:04:03.701Z", "is_deleted": false, "deleted_at": "2024-03-16T12:04:03.701Z", "total_price": "0.00", "is_paid": "False", "province": "tehrann", "city": "tehrannnnn", "detailed_address": "zand-str", "postal_code": 212, "user": 1, "coupon": null}}, {"model": "order.order", "pk": 56, "fields": {"created_at": "2024-03-16T12:06:38.577Z", "updated_at": "2024-03-16T12:06:38.577Z", "is_deleted": false, "deleted_at": "2024-03-16T12:06:38.577Z", "total_price": "400.00", "is_paid": "False", "province": "tehrann", "city": "tehrannnnn", "detailed_address": "zand-str", "postal_code": 212, "user": 1, "coupon": null}}, {"model": "order.order", "pk": 57, "fields": {"created_at": "2024-03-16T12:08:27.673Z", "updated_at": "2024-03-16T12:08:27.673Z", "is_deleted": false, "deleted_at": "2024-03-16T12:08:27.673Z", "total_price": "600.00", "is_paid": "False", "province": "tehrann", "city": "tehrannnnn", "detailed_address": "zand-str", "postal_code": 212, "user": 1, "coupon": null}}, {"model": "order.order", "pk": 58, "fields": {"created_at": "2024-03-16T12:10:14.792Z", "updated_at": "2024-03-16T12:10:14.792Z", "is_deleted": false, "deleted_at": "2024-03-16T12:10:14.792Z", "total_price": "600.00", "is_paid": "False", "province": "tehrann", "city": "tehrannnnn", "detailed_address": "zand-str", "postal_code": 212, "user": 1, "coupon": null}}, {"model": "order.order", "pk": 59, "fields": {"created_at": "2024-03-16T12:14:01.625Z", "updated_at": "2024-03-16T12:14:01.625Z", "is_deleted": false, "deleted_at": "2024-03-16T12:14:01.625Z", "total_price": "600.00", "is_paid": "False", "province": "tehrann", "city": "tehrannnnn", "detailed_address": "zand-str", "postal_code": 212, "user": 1, "coupon": null}}, {"model": "order.order", "pk": 60, "fields": {"created_at": "2024-03-16T13:26:50.697Z", "updated_at": "2024-03-16T13:26:50.698Z", "is_deleted": false, "deleted_at": "2024-03-16T13:26:50.698Z", "total_price": "800.00", "is_paid": "False", "province": "tehrann", "city": "tehrannnnn", "detailed_address": "zand-str", "postal_code": 212, "user": 1, "coupon": null}}, {"model": "order.order", "pk": 61, "fields": {"created_at": "2024-03-16T13:47:09.387Z", "updated_at": "2024-03-16T13:47:09.387Z", "is_deleted": false, "deleted_at": "2024-03-16T13:47:09.387Z", "total_price": "800.00", "is_paid": "False", "province": "tehrann", "city": "tehrannnnn", "detailed_address": "zand-str", "postal_code": 212, "user": 1, "coupon": null}}, {"model": "order.order", "pk": 62, "fields": {"created_at": "2024-03-16T14:15:24.038Z", "updated_at": "2024-03-16T14:15:24.038Z", "is_deleted": false, "deleted_at": "2024-03-16T14:15:24.038Z", "total_price": "600.00", "is_paid": "False", "province": "tehrann", "city": "tehrannnnn", "detailed_address": "zand-str", "postal_code": 212, "user": 1, "coupon": null}}, {"model": "order.order", "pk": 63, "fields": {"created_at": "2024-03-16T14:58:31.130Z", "updated_at": "2024-03-16T14:58:31.130Z", "is_deleted": false, "deleted_at": "2024-03-16T14:58:31.131Z", "total_price": "800.00", "is_paid": "False", "province": "tehrann", "city": "tehrannnnn", "detailed_address": "zand-str", "postal_code": 212, "user": 1, "coupon": null}}, {"model": "order.order", "pk": 64, "fields": {"created_at": "2024-03-16T14:59:48.635Z", "updated_at": "2024-03-16T14:59:48.635Z", "is_deleted": false, "deleted_at": "2024-03-16T14:59:48.635Z", "total_price": "800.00", "is_paid": "False", "province": "tehrann", "city": "tehrannnnn", "detailed_address": "zand-str", "postal_code": 212, "user": 1, "coupon": null}}, {"model": "order.order", "pk": 65, "fields": {"created_at": "2024-03-21T14:57:57.400Z", "updated_at": "2024-03-21T14:57:57.400Z", "is_deleted": false, "deleted_at": "2024-03-21T14:57:57.400Z", "total_price": "800.00", "is_paid": "False", "province": "tehrann", "city": "tehrannnnn", "detailed_address": "zand-str", "postal_code": 212, "user": 1, "coupon": null}}, {"model": "order.order", "pk": 66, "fields": {"created_at": "2024-03-21T15:41:42.438Z", "updated_at": "2024-03-21T15:41:42.438Z", "is_deleted": false, "deleted_at": "2024-03-21T15:41:42.438Z", "total_price": "600.00", "is_paid": "False", "province": null, "city": null, "detailed_address": null, "postal_code": null, "user": 1, "coupon": null}}, {"model": "order.orderitem", "pk": 1, "fields": {"created_at": "2024-03-12T11:36:14.606Z", "updated_at": "2024-03-12T11:36:14.606Z", "is_deleted": false, "deleted_at": "2024-03-12T11:36:14.606Z", "quantity": 3, "order": 1, "product": 1}}, {"model": "order.orderitem", "pk": 2, "fields": {"created_at": "2024-03-12T12:42:50.548Z", "updated_at": "2024-03-12T12:42:50.549Z", "is_deleted": false, "deleted_at": "2024-03-12T12:42:50.549Z", "quantity": 4, "order": 2, "product": 1}}, {"model": "order.orderitem", "pk": 3, "fields": {"created_at": "2024-03-12T13:20:20.277Z", "updated_at": "2024-03-12T13:20:20.277Z", "is_deleted": false, "deleted_at": "2024-03-12T13:20:20.278Z", "quantity": 6, "order": 3, "product": 1}}, {"model": "order.orderitem", "pk": 4, "fields": {"created_at": "2024-03-13T07:02:20.121Z", "updated_at": "2024-03-13T07:02:20.121Z", "is_deleted": false, "deleted_at": "2024-03-13T07:02:20.122Z", "quantity": 3, "order": 7, "product": 1}}, {"model": "order.orderitem", "pk": 5, "fields": {"created_at": "2024-03-14T05:21:14.864Z", "updated_at": "2024-03-14T05:21:14.864Z", "is_deleted": false, "deleted_at": "2024-03-14T05:21:14.864Z", "quantity": 4, "order": 8, "product": 2}}, {"model": "order.orderitem", "pk": 6, "fields": {"created_at": "2024-03-14T05:28:57.927Z", "updated_at": "2024-03-14T05:28:57.927Z", "is_deleted": false, "deleted_at": "2024-03-14T05:28:57.927Z", "quantity": 4, "order": 13, "product": 2}}, {"model": "order.orderitem", "pk": 7, "fields": {"created_at": "2024-03-14T05:33:58.394Z", "updated_at": "2024-03-14T05:33:58.394Z", "is_deleted": false, "deleted_at": "2024-03-14T05:33:58.394Z", "quantity": 4, "order": 14, "product": 2}}, {"model": "order.orderitem", "pk": 8, "fields": {"created_at": "2024-03-14T05:36:27.253Z", "updated_at": "2024-03-14T05:36:27.254Z", "is_deleted": false, "deleted_at": "2024-03-14T05:36:27.254Z", "quantity": 5, "order": 15, "product": 2}}, {"model": "order.orderitem", "pk": 9, "fields": {"created_at": "2024-03-14T05:52:36.177Z", "updated_at": "2024-03-14T05:52:36.177Z", "is_deleted": false, "deleted_at": "2024-03-14T05:52:36.177Z", "quantity": 4, "order": 20, "product": 1}}, {"model": "order.orderitem", "pk": 10, "fields": {"created_at": "2024-03-14T05:52:36.191Z", "updated_at": "2024-03-14T05:52:36.191Z", "is_deleted": false, "deleted_at": "2024-03-14T05:52:36.191Z", "quantity": 4, "order": 20, "product": 3}}, {"model": "order.orderitem", "pk": 11, "fields": {"created_at": "2024-03-14T05:52:36.208Z", "updated_at": "2024-03-14T05:52:36.208Z", "is_deleted": false, "deleted_at": "2024-03-14T05:52:36.209Z", "quantity": 8, "order": 20, "product": 2}}, {"model": "order.orderitem", "pk": 12, "fields": {"created_at": "2024-03-14T05:57:57.395Z", "updated_at": "2024-03-14T05:57:57.395Z", "is_deleted": false, "deleted_at": "2024-03-14T05:57:57.395Z", "quantity": 4, "order": 22, "product": 2}}, {"model": "order.orderitem", "pk": 13, "fields": {"created_at": "2024-03-14T05:58:38.383Z", "updated_at": "2024-03-14T05:58:38.383Z", "is_deleted": false, "deleted_at": "2024-03-14T05:58:38.383Z", "quantity": 4, "order": 23, "product": 2}}, {"model": "order.orderitem", "pk": 14, "fields": {"created_at": "2024-03-14T11:45:50.851Z", "updated_at": "2024-03-14T11:45:50.851Z", "is_deleted": false, "deleted_at": "2024-03-14T11:45:50.851Z", "quantity": 4, "order": 24, "product": 2}}, {"model": "order.orderitem", "pk": 15, "fields": {"created_at": "2024-03-14T11:45:50.885Z", "updated_at": "2024-03-14T11:45:50.885Z", "is_deleted": false, "deleted_at": "2024-03-14T11:45:50.885Z", "quantity": 2, "order": 24, "product": 1}}, {"model": "order.orderitem", "pk": 16, "fields": {"created_at": "2024-03-16T11:06:31.438Z", "updated_at": "2024-03-16T11:06:31.438Z", "is_deleted": false, "deleted_at": "2024-03-16T11:06:31.438Z", "quantity": 6, "order": 25, "product": 1}}, {"model": "order.orderitem", "pk": 17, "fields": {"created_at": "2024-03-16T11:07:45.338Z", "updated_at": "2024-03-16T11:07:45.338Z", "is_deleted": false, "deleted_at": "2024-03-16T11:07:45.338Z", "quantity": 4, "order": 28, "product": 1}}, {"model": "order.orderitem", "pk": 18, "fields": {"created_at": "2024-03-16T11:08:22.318Z", "updated_at": "2024-03-16T11:08:22.318Z", "is_deleted": false, "deleted_at": "2024-03-16T11:08:22.318Z", "quantity": 1, "order": 29, "product": 1}}, {"model": "order.orderitem", "pk": 19, "fields": {"created_at": "2024-03-16T11:10:30.284Z", "updated_at": "2024-03-16T11:10:30.284Z", "is_deleted": false, "deleted_at": "2024-03-16T11:10:30.284Z", "quantity": 2, "order": 30, "product": 1}}, {"model": "order.orderitem", "pk": 20, "fields": {"created_at": "2024-03-16T11:38:07.900Z", "updated_at": "2024-03-16T11:38:07.900Z", "is_deleted": false, "deleted_at": "2024-03-16T11:38:07.900Z", "quantity": 1, "order": 31, "product": 1}}, {"model": "order.orderitem", "pk": 21, "fields": {"created_at": "2024-03-16T11:39:16.332Z", "updated_at": "2024-03-16T11:39:16.332Z", "is_deleted": false, "deleted_at": "2024-03-16T11:39:16.332Z", "quantity": 2, "order": 33, "product": 1}}, {"model": "order.orderitem", "pk": 22, "fields": {"created_at": "2024-03-16T11:47:28.440Z", "updated_at": "2024-03-16T11:47:28.440Z", "is_deleted": false, "deleted_at": "2024-03-16T11:47:28.440Z", "quantity": 13, "order": 34, "product": 1}}, {"model": "order.orderitem", "pk": 23, "fields": {"created_at": "2024-03-16T11:49:02.214Z", "updated_at": "2024-03-16T11:49:02.214Z", "is_deleted": false, "deleted_at": "2024-03-16T11:49:02.214Z", "quantity": 1, "order": 36, "product": 1}}, {"model": "order.orderitem", "pk": 24, "fields": {"created_at": "2024-03-16T11:51:09.225Z", "updated_at": "2024-03-16T11:51:09.225Z", "is_deleted": false, "deleted_at": "2024-03-16T11:51:09.225Z", "quantity": 1, "order": 39, "product": 1}}, {"model": "order.orderitem", "pk": 25, "fields": {"created_at": "2024-03-16T11:55:48.159Z", "updated_at": "2024-03-16T11:55:48.159Z", "is_deleted": false, "deleted_at": "2024-03-16T11:55:48.159Z", "quantity": 1, "order": 42, "product": 1}}, {"model": "order.orderitem", "pk": 26, "fields": {"created_at": "2024-03-16T11:56:05.727Z", "updated_at": "2024-03-16T11:56:05.727Z", "is_deleted": false, "deleted_at": "2024-03-16T11:56:05.727Z", "quantity": 1, "order": 44, "product": 1}}, {"model": "order.orderitem", "pk": 27, "fields": {"created_at": "2024-03-16T11:57:21.143Z", "updated_at": "2024-03-16T11:57:21.143Z", "is_deleted": false, "deleted_at": "2024-03-16T11:57:21.143Z", "quantity": 1, "order": 45, "product": 1}}, {"model": "order.orderitem", "pk": 28, "fields": {"created_at": "2024-03-16T11:57:55.500Z", "updated_at": "2024-03-16T11:57:55.500Z", "is_deleted": false, "deleted_at": "2024-03-16T11:57:55.500Z", "quantity": 1, "order": 47, "product": 1}}, {"model": "order.orderitem", "pk": 29, "fields": {"created_at": "2024-03-16T11:57:57.072Z", "updated_at": "2024-03-16T11:57:57.072Z", "is_deleted": false, "deleted_at": "2024-03-16T11:57:57.072Z", "quantity": 1, "order": 48, "product": 1}}, {"model": "order.orderitem", "pk": 30, "fields": {"created_at": "2024-03-16T11:58:27.027Z", "updated_at": "2024-03-16T11:58:27.027Z", "is_deleted": false, "deleted_at": "2024-03-16T11:58:27.028Z", "quantity": 1, "order": 49, "product": 1}}, {"model": "order.orderitem", "pk": 31, "fields": {"created_at": "2024-03-16T11:58:49.130Z", "updated_at": "2024-03-16T11:58:49.130Z", "is_deleted": false, "deleted_at": "2024-03-16T11:58:49.130Z", "quantity": 1, "order": 50, "product": 1}}, {"model": "order.orderitem", "pk": 32, "fields": {"created_at": "2024-03-16T11:59:15.763Z", "updated_at": "2024-03-16T11:59:15.763Z", "is_deleted": false, "deleted_at": "2024-03-16T11:59:15.763Z", "quantity": 1, "order": 51, "product": 1}}, {"model": "order.orderitem", "pk": 33, "fields": {"created_at": "2024-03-16T11:59:32.520Z", "updated_at": "2024-03-16T11:59:32.521Z", "is_deleted": false, "deleted_at": "2024-03-16T11:59:32.521Z", "quantity": 1, "order": 52, "product": 1}}, {"model": "order.orderitem", "pk": 34, "fields": {"created_at": "2024-03-16T11:59:44.213Z", "updated_at": "2024-03-16T11:59:44.214Z", "is_deleted": false, "deleted_at": "2024-03-16T11:59:44.214Z", "quantity": 1, "order": 53, "product": 1}}, {"model": "order.orderitem", "pk": 35, "fields": {"created_at": "2024-03-16T12:03:16.303Z", "updated_at": "2024-03-16T12:03:16.303Z", "is_deleted": false, "deleted_at": "2024-03-16T12:03:16.303Z", "quantity": 1, "order": 54, "product": 1}}, {"model": "order.orderitem", "pk": 36, "fields": {"created_at": "2024-03-16T12:06:38.600Z", "updated_at": "2024-03-16T12:06:38.600Z", "is_deleted": false, "deleted_at": "2024-03-16T12:06:38.600Z", "quantity": 2, "order": 56, "product": 1}}, {"model": "order.orderitem", "pk": 37, "fields": {"created_at": "2024-03-16T12:08:27.693Z", "updated_at": "2024-03-16T12:08:27.693Z", "is_deleted": false, "deleted_at": "2024-03-16T12:08:27.693Z", "quantity": 3, "order": 57, "product": 1}}, {"model": "order.orderitem", "pk": 38, "fields": {"created_at": "2024-03-16T12:10:14.814Z", "updated_at": "2024-03-16T12:10:14.814Z", "is_deleted": false, "deleted_at": "2024-03-16T12:10:14.814Z", "quantity": 3, "order": 58, "product": 1}}, {"model": "order.orderitem", "pk": 39, "fields": {"created_at": "2024-03-16T12:14:01.669Z", "updated_at": "2024-03-16T12:14:01.669Z", "is_deleted": false, "deleted_at": "2024-03-16T12:14:01.669Z", "quantity": 3, "order": 59, "product": 1}}, {"model": "order.orderitem", "pk": 40, "fields": {"created_at": "2024-03-16T13:26:50.749Z", "updated_at": "2024-03-16T13:26:50.749Z", "is_deleted": false, "deleted_at": "2024-03-16T13:26:50.749Z", "quantity": 4, "order": 60, "product": 1}}, {"model": "order.orderitem", "pk": 41, "fields": {"created_at": "2024-03-16T13:47:09.480Z", "updated_at": "2024-03-16T13:47:09.483Z", "is_deleted": false, "deleted_at": "2024-03-16T13:47:09.483Z", "quantity": 4, "order": 61, "product": 1}}, {"model": "order.orderitem", "pk": 42, "fields": {"created_at": "2024-03-16T14:15:24.108Z", "updated_at": "2024-03-16T14:15:24.109Z", "is_deleted": false, "deleted_at": "2024-03-16T14:15:24.109Z", "quantity": 3, "order": 62, "product": 1}}, {"model": "order.orderitem", "pk": 43, "fields": {"created_at": "2024-03-16T14:58:31.151Z", "updated_at": "2024-03-16T14:58:31.151Z", "is_deleted": false, "deleted_at": "2024-03-16T14:58:31.151Z", "quantity": 4, "order": 63, "product": 1}}, {"model": "order.orderitem", "pk": 44, "fields": {"created_at": "2024-03-16T14:59:48.697Z", "updated_at": "2024-03-16T14:59:48.697Z", "is_deleted": false, "deleted_at": "2024-03-16T14:59:48.697Z", "quantity": 4, "order": 64, "product": 1}}, {"model": "order.orderitem", "pk": 45, "fields": {"created_at": "2024-03-21T14:57:57.512Z", "updated_at": "2024-03-21T14:57:57.512Z", "is_deleted": false, "deleted_at": "2024-03-21T14:57:57.512Z", "quantity": 4, "order": 65, "product": 1}}, {"model": "order.orderitem", "pk": 46, "fields": {"created_at": "2024-03-21T15:41:42.529Z", "updated_at": "2024-03-21T15:41:42.530Z", "is_deleted": false, "deleted_at": "2024-03-21T15:41:42.530Z", "quantity": 3, "order": 66, "product": 1}}, {"model": "product.category", "pk": 1, "fields": {"created_at": "2024-03-12T10:59:34.874Z", "updated_at": "2024-03-12T10:59:34.874Z", "is_deleted": false, "deleted_at": "2024-03-12T10:59:34.874Z", "name": "road", "is_sub": false, "description": "nice for road", "slug": "road", "image": "category/road/download.jpeg", "parent_category": null}}, {"model": "product.category", "pk": 2, "fields": {"created_at": "2024-03-12T11:00:32.136Z", "updated_at": "2024-03-12T11:00:45.233Z", "is_deleted": false, "deleted_at": "2024-03-12T11:00:45.233Z", "name": "road_mountain", "is_sub": true, "description": "nice for mountain road", "slug": "road_mountain", "image": "category/road_mountain/download_6.jpeg", "parent_category": 1}}, {"model": "product.product", "pk": 1, "fields": {"created_at": "2024-03-12T11:33:36.035Z", "updated_at": "2024-03-12T11:33:36.035Z", "is_deleted": false, "deleted_at": "2024-03-12T11:33:36.035Z", "name": "mountain red", "brand": "trek", "slug": "trek-mountain-red", "price": "200", "description": "nice for mountain", "inventory_quantity": 7, "image": "products/road_mountain/download_1.jpeg", "user_id": 1, "category_id": 2, "discount_id": null}}, {"model": "product.product", "pk": 2, "fields": {"created_at": "2024-03-14T05:18:42.991Z", "updated_at": "2024-03-14T05:18:42.991Z", "is_deleted": false, "deleted_at": "2024-03-14T05:18:42.991Z", "name": "mountain green", "brand": "trek", "slug": "trek-mountain-green", "price": "100", "description": "its nice for mountain", "inventory_quantity": 9, "image": "products/road_mountain/download_2.jpeg", "user_id": 1, "category_id": 2, "discount_id": null}}, {"model": "product.product", "pk": 3, "fields": {"created_at": "2024-03-14T05:19:52.626Z", "updated_at": "2024-03-14T05:19:52.626Z", "is_deleted": false, "deleted_at": "2024-03-14T05:19:52.626Z", "name": "black mountain", "brand": "trek", "slug": "trek-black-mountain", "price": "200", "description": "its nice for mountain", "inventory_quantity": 4, "image": "products/road_mountain/download_3.jpeg", "user_id": 1, "category_id": 2, "discount_id": null}}, {"model": "product.comment", "pk": 1, "fields": {"created_at": "2024-03-12T14:30:46.577Z", "updated_at": "2024-03-12T14:30:46.577Z", "is_deleted": false, "deleted_at": "2024-03-12T14:30:46.577Z", "text_message": "its nice", "user_id": 2, "product_id": 1}}, {"model": "product.comment", "pk": 2, "fields": {"created_at": "2024-03-12T14:41:14.998Z", "updated_at": "2024-03-12T14:41:14.998Z", "is_deleted": false, "deleted_at": "2024-03-12T14:41:14.998Z", "text_message": "good", "user_id": 2, "product_id": 1}}, {"model": "product.comment", "pk": 3, "fields": {"created_at": "2024-03-13T20:17:54.886Z", "updated_at": "2024-03-13T20:17:54.886Z", "is_deleted": false, "deleted_at": "2024-03-13T20:17:54.886Z", "text_message": "not bad", "user_id": 1, "product_id": 1}}]